model,h,set,mobility,MAE,RMSE,within1,n
Persistence,1,val,All,0.6968495979603561,1.587689947738466,0.8248139648097921,14379
Persistence,1,val,Driving,0.8106418683416945,1.771505788097851,0.8031397610447346,7198
Persistence,1,val,Static,0.5827879405024987,1.379066424173702,0.8465394791811726,7181
MovingAvg3,1,val,All,1.0353293130042798,1.7207804014851833,0.7442103066972668,14379
MovingAvg3,1,val,Driving,1.1227655884423962,1.8654743111795276,0.720755765490414,7198
MovingAvg3,1,val,Static,0.9476860445732028,1.5623532028829121,0.7677203732070742,7181
MovingAvg5,1,val,All,1.1619723253633476,1.784239125574998,0.6910772654565686,14379
MovingAvg5,1,val,Driving,1.274048344613314,1.939698023332464,0.6654626285079188,7198
MovingAvg5,1,val,Static,1.0496309820182343,1.6134495912957663,0.7167525414287703,7181
LinearReg,1,val,All,0.9046591265210356,1.4719363876125147,0.8269698866402392,14379
LinearReg,1,val,Driving,1.0238706337541101,1.6392692552540367,0.797304806890803,7198
LinearReg,1,val,Static,0.7851654029360655,1.282480917564992,0.8567051942626375,7181
Persistence,1,test,All,0.7376053174916392,1.682463957549677,0.8137101675783625,23034
Persistence,1,test,Driving,0.8434036684155592,1.8330380567557194,0.7928137289953522,5594
Persistence,1,test,Static,0.7036697684624873,1.6312248106316491,0.8204128440366972,17440
MovingAvg3,1,test,All,1.1475210789022754,1.849646921837622,0.7181123556481722,23034
MovingAvg3,1,test,Driving,1.1114289202262215,1.8587126395145404,0.7268501966392563,5594
MovingAvg3,1,test,Static,1.1590978871381612,1.8467296036155134,0.7153096330275229,17440
MovingAvg5,1,test,All,1.2763740702450477,1.9190964750314632,0.6615872188938091,23034
MovingAvg5,1,test,Driving,1.2518412534108876,1.9295455987197,0.6705398641401502,5594
MovingAvg5,1,test,Static,1.2842431400483902,1.9157327743471397,0.6587155963302752,17440
LinearReg,1,test,All,0.9631217757974677,1.5614344757396184,0.8153164886689241,23034
LinearReg,1,test,Driving,1.0317994889336737,1.6879973521650562,0.7926349660350376,5594
LinearReg,1,test,Static,0.9410929267559577,1.5186059293812586,0.8225917431192661,17440
Persistence,3,val,All,1.4205490005593346,2.2732274179679814,0.6370049591394845,14317
Persistence,3,val,Driving,1.5282596543172784,2.4550804665385737,0.6229714605484051,7148
Persistence,3,val,Static,1.3131538613402274,2.0761080058451418,0.6509973497000976,7169
MovingAvg3,3,val,All,1.4188726696212373,2.140476460160434,0.6300202556401481,14317
MovingAvg3,3,val,Driving,1.548684941968507,2.3162295650050106,0.6046446558477896,7148
MovingAvg3,3,val,Static,1.289440653616455,1.9495266093329993,0.6553215232249965,7169
MovingAvg5,3,val,All,1.4383739584141906,2.103735641206252,0.6205210588810505,14317
MovingAvg5,3,val,Driving,1.5960268492330434,2.2966314192239867,0.5800223838836038,7148
MovingAvg5,3,val,Static,1.2811828768723912,1.8919243716632543,0.6609011019668015,7169
LinearReg,3,val,All,1.4472399094321753,1.9403095412077027,0.63442061884473,14317
LinearReg,3,val,Driving,1.5852917746985231,2.107168699176229,0.5972299944040291,7148
LinearReg,3,val,Static,1.3095924365734983,1.7582436176166258,0.671502301576231,7169
Persistence,3,test,All,1.574828156995097,2.457973516396161,0.6030192290959715,22986
Persistence,3,test,Driving,1.490097228339734,2.441464490058067,0.6343176089305005,5554
Persistence,3,test,Static,1.6018242319005518,2.4632102056866296,0.5930472693896283,17432
MovingAvg3,3,test,All,1.5621102719002828,2.3158660335775227,0.6004524493169755,22986
MovingAvg3,3,test,Driving,1.5135637962178528,2.294823413402181,0.6145120633777458,5554
MovingAvg3,3,test,Static,1.5775776380051598,2.3225303634378007,0.5959729233593392,17432
MovingAvg5,3,test,All,1.5625163185931492,2.2519003844015333,0.590881406073262,22986
MovingAvg5,3,test,Driving,1.5412675477980193,2.2612786918046606,0.5957868203096867,5554
MovingAvg5,3,test,Static,1.5692863778517627,2.248904151727839,0.5893184947223497,17432
LinearReg,3,test,All,1.552758049406873,2.0762067161542177,0.599190811798486,22986
LinearReg,3,test,Driving,1.534893661941347,2.081672625795522,0.6139719121353979,5554
LinearReg,3,test,Static,1.5584498121411279,2.0744622004001254,0.5944814134924277,17432
Persistence,5,val,All,1.621115392017933,2.4527952752147155,0.5877937565766398,14255
Persistence,5,val,Driving,1.788250200981555,2.674799127748882,0.5595942519019442,7098
Persistence,5,val,Static,1.4553583885215258,2.2107109954439643,0.6157607936286154,7157
MovingAvg3,5,val,All,1.5771775920697992,2.304616912927486,0.5924938618028762,14255
MovingAvg3,5,val,Driving,1.7580069387822328,2.5233916873023334,0.5522682445759369,7098
MovingAvg3,5,val,Static,1.3978389441775463,2.06487771517299,0.6323878720134134,7157
MovingAvg5,5,val,All,1.5790810154681036,2.255984810870769,0.5847071203086637,14255
MovingAvg5,5,val,Driving,1.7713440247205454,2.4789755369872046,0.5376162299239222,7098
MovingAvg5,5,val,Static,1.3884029604626782,2.01055199539885,0.6314098085790135,7157
LinearReg,5,val,All,1.5809539229942597,2.0632204397531524,0.5844265170115749,14255
LinearReg,5,val,Driving,1.7530932586338863,2.2594549386098604,0.5283178360101437,7098
LinearReg,5,val,Static,1.4102336485258973,1.8481377957630918,0.6400726561408412,7157
Persistence,5,test,All,1.7725608060515659,2.6430063068625738,0.5580695788647659,22938
Persistence,5,test,Driving,1.740841489102817,2.6647049963424183,0.5723612622415669,5514
Persistence,5,test,Static,1.7825987028407875,2.6361023336546694,0.5535468319559229,17424
MovingAvg3,5,test,All,1.7075013738427314,2.4591842301936855,0.5639550091551138,22938
MovingAvg3,5,test,Driving,1.6927820033771126,2.479050160892455,0.5723612622415669,5514
MovingAvg3,5,test,Static,1.7121594666312658,2.4528639417649565,0.5612947658402204,17424
MovingAvg5,5,test,All,1.6855697893869785,2.3818507262014905,0.5640422007149708,22938
MovingAvg5,5,test,Driving,1.6819006005274373,2.4130974855026603,0.5674646354733406,5514
MovingAvg5,5,test,Static,1.686730941095628,2.3718766304652346,0.5629591368227732,17424
LinearReg,5,test,All,1.672953039758529,2.186211619687309,0.558418345104194,22938
LinearReg,5,test,Driving,1.695456018818,2.229261978606109,0.5576713819368879,5514
LinearReg,5,test,Static,1.6658317457655354,2.172410199455395,0.5586547291092746,17424
